ls12s01polo, main/lsat2012/videos/vidOri/ls12s01polo, Student Orientation - On Demand, Tue Jul 16 22:52:59 GMT-0400 2013
, , Register for the LSAT, Mon Jul 08 23:06:21 GMT-0400 2013
ls12htswMod, main/lsat2012/gettingStarted/ls12htswMod, Study Skills, Wed Jul 17 00:45:59 GMT-0400 2013
lsat10Diag, main/lsat2012/centerTests/lsat10Diag, Diagnostic Exam, Fri Jul 19 04:59:17 GMT-0400 2013
, , Set Your Goals, Fri Aug 02 19:01:32 GMT-0400 2013
ls10htrw, main/lsat2012/videos/vidTReview/ls10htrw, How to Review a Full-Length Test, Thu Aug 01 02:09:42 GMT-0400 2013
ls12tr1qMod, main/lsat2012/videos/vidTReview/ls12tr1qMod, Diagnostic Review, Sun Jul 21 23:05:09 GMT-0400 2013
ls12fl1w, main/lsat2012/videos/vidTutorials/ls12fl1w, Understanding Formal Logic Tutorial 1, Thu Aug 01 02:23:18 GMT-0400 2013
ls12s02l, main/lsat2012/videos/vidLOD/ls12s02l, Core Lesson 1 Lesson On Demand, Sat Aug 03 02:31:38 GMT-0400 2013
, , Core Lesson 1 Try These at Home Questions, Sun Aug 04 21:40:58 GMT-0400 2013
ls12fl2w, main/lsat2012/videos/vidTutorials/ls12fl2w, Understanding Formal Logic Tutorial 2, Tue Aug 06 03:07:10 GMT-0400 2013
, , Understanding Formal Logic Exercise, Mon Aug 05 23:28:07 GMT-0400 2013
ls10lg1w, main/lsat2012/videos/vidTutorials/ls10lg1w, Logic Games Tutorial 1, Fri Aug 09 06:07:52 GMT-0400 2013
, , Mastery Practice Question Set 1, Fri Aug 09 02:10:31 GMT-0400 2013
, , Core Lesson 1 Review Exercise, Tue Aug 06 00:09:34 GMT-0400 2013
, , Core Lesson 2 Try These at Home Questions, Tue Aug 27 00:11:38 GMT-0400 2013
ls10sr1w, main/lsat2012/videos/vidTutorials/ls10sr1w, Strategic Reading Tutorial 1, Tue Aug 27 05:40:11 GMT-0400 2013
, , Mastery Practice Question Set 2, Tue Aug 27 01:42:18 GMT-0400 2013
, , Core Lesson 2 Review Exercise, Tue Aug 27 01:44:55 GMT-0400 2013
instance03, /lsat2012/qbank/lsat2008QbankShell/instance03, Practice 1, 2013-08-03T02:44:56
instance04, /lsat2012/qbank/lsat2008QbankShell/instance04, CMA: LG Sequence Games, 2013-08-27T05:49:09
